courseId,studentId,isTopPerformer,isTest,abs_score,howManyHasLowerScore,totalScore,mentorId,repository,score_505.0,score_517.0,score_N/A
29,14865,UNKNOWN,True,1.0,0.9319196428571429,264.0,N/A,N/A,240,24,0
29,14677,UNKNOWN,True,1.0,0.9319196428571429,264.0,N/A,N/A,240,24,0
29,14958,UNKNOWN,True,1.0,0.9319196428571429,264.0,N/A,N/A,240,24,0
29,15470,UNKNOWN,True,1.0,0.9319196428571429,264.0,N/A,N/A,240,24,0
29,15108,UNKNOWN,True,1.0,0.9319196428571429,264.0,N/A,N/A,240,24,0
29,15629,UNKNOWN,True,1.0,0.9319196428571429,264.0,N/A,N/A,240,24,0
29,14735,UNKNOWN,True,1.0,0.9319196428571429,264.0,N/A,N/A,240,24,0
29,14901,UNKNOWN,True,1.0,0.9319196428571429,264.0,N/A,N/A,240,24,0
29,14732,UNKNOWN,True,1.0,0.9319196428571429,264.0,N/A,N/A,240,24,0
29,14898,UNKNOWN,True,1.0,0.9319196428571429,264.0,N/A,N/A,240,24,0
29,14762,UNKNOWN,True,1.0,0.9319196428571429,264.0,N/A,N/A,240,24,0
29,14587,UNKNOWN,True,1.0,0.9319196428571429,264.0,N/A,N/A,240,24,0
29,14698,UNKNOWN,True,1.0,0.9319196428571429,264.0,N/A,N/A,240,24,0
29,14830,UNKNOWN,True,1.0,0.9319196428571429,264.0,N/A,https://github.com/rolling-scopes-school/f770a8ff-d2d5-5353-a6dc-ce625adf38e4-REACT2020Q3,240,24,0
29,14730,UNKNOWN,True,1.0,0.9319196428571429,264.0,N/A,N/A,240,24,0
29,14834,UNKNOWN,True,1.0,0.9319196428571429,264.0,N/A,N/A,240,24,0
29,14838,UNKNOWN,True,1.0,0.9319196428571429,264.0,N/A,N/A,240,24,0
29,14905,UNKNOWN,True,1.0,0.9319196428571429,264.0,N/A,N/A,240,24,0
29,15572,UNKNOWN,True,1.0,0.9319196428571429,264.0,N/A,N/A,240,24,0
29,14574,UNKNOWN,True,1.0,0.9319196428571429,264.0,N/A,N/A,240,24,0
29,14746,UNKNOWN,True,1.0,0.9319196428571429,264.0,N/A,N/A,240,24,0
29,15563,UNKNOWN,True,1.0,0.9319196428571429,264.0,N/A,N/A,240,24,0
29,15432,UNKNOWN,True,1.0,0.9319196428571429,264.0,N/A,N/A,240,24,0
29,15605,UNKNOWN,True,1.0,0.9319196428571429,264.0,N/A,N/A,240,24,0
29,14781,UNKNOWN,True,1.0,0.9319196428571429,264.0,N/A,N/A,240,24,0
29,15043,UNKNOWN,True,1.0,0.9319196428571429,264.0,N/A,N/A,240,24,0
29,15015,UNKNOWN,True,1.0,0.9319196428571429,264.0,N/A,N/A,240,24,0
29,14916,UNKNOWN,True,1.0,0.9319196428571429,264.0,N/A,N/A,240,24,0
29,14754,UNKNOWN,True,1.0,0.9319196428571429,264.0,N/A,N/A,240,24,0
29,14794,UNKNOWN,True,1.0,0.9319196428571429,264.0,N/A,N/A,240,24,0
29,14752,UNKNOWN,True,1.0,0.9319196428571429,264.0,N/A,N/A,240,24,0
29,14797,UNKNOWN,True,1.0,0.9319196428571429,264.0,N/A,N/A,240,24,0
29,14912,UNKNOWN,True,1.0,0.9319196428571429,264.0,N/A,N/A,240,24,0
29,14722,UNKNOWN,True,1.0,0.9319196428571429,264.0,N/A,N/A,240,24,0
29,14747,UNKNOWN,True,1.0,0.9319196428571429,264.0,N/A,N/A,240,24,0
29,14618,UNKNOWN,True,1.0,0.9319196428571429,264.0,N/A,N/A,240,24,0
29,14576,UNKNOWN,True,1.0,0.9319196428571429,264.0,N/A,N/A,240,24,0
29,14761,UNKNOWN,True,1.0,0.9319196428571429,264.0,N/A,N/A,240,24,0
29,15193,UNKNOWN,True,1.0,0.9319196428571429,264.0,N/A,https://github.com/rolling-scopes-school/7448bf04-10cb-5749-aa96-68f98aebd5c3-REACT2020Q3,240,24,0
29,15179,UNKNOWN,True,1.0,0.9319196428571429,264.0,N/A,N/A,240,24,0
29,15532,UNKNOWN,True,1.0,0.9319196428571429,264.0,N/A,N/A,240,24,0
29,15204,UNKNOWN,True,1.0,0.9319196428571429,264.0,N/A,N/A,240,24,0
29,14538,UNKNOWN,True,1.0,0.9319196428571429,264.0,N/A,N/A,240,24,0
29,14853,UNKNOWN,True,1.0,0.9319196428571429,264.0,N/A,N/A,240,24,0
29,14852,UNKNOWN,True,1.0,0.9319196428571429,264.0,N/A,N/A,240,24,0
29,14719,UNKNOWN,True,1.0,0.9319196428571429,264.0,N/A,N/A,240,24,0
29,15205,UNKNOWN,True,1.0,0.9319196428571429,264.0,N/A,N/A,240,24,0
29,15198,UNKNOWN,True,1.0,0.9319196428571429,264.0,N/A,N/A,240,24,0
29,15584,UNKNOWN,True,1.0,0.9319196428571429,264.0,N/A,N/A,240,24,0
29,14844,UNKNOWN,True,1.0,0.9319196428571429,264.0,N/A,N/A,240,24,0
29,14843,UNKNOWN,True,1.0,0.9319196428571429,264.0,N/A,N/A,240,24,0
29,14554,UNKNOWN,True,1.0,0.9319196428571429,264.0,N/A,N/A,240,24,0
29,15182,UNKNOWN,True,1.0,0.9319196428571429,264.0,N/A,N/A,240,24,0
29,14535,UNKNOWN,True,1.0,0.9319196428571429,264.0,N/A,N/A,240,24,0
29,15483,UNKNOWN,True,1.0,0.9319196428571429,264.0,N/A,N/A,240,24,0
29,14707,UNKNOWN,True,1.0,0.9319196428571429,264.0,N/A,N/A,240,24,0
29,15530,UNKNOWN,True,1.0,0.9319196428571429,264.0,N/A,N/A,240,24,0
29,14569,UNKNOWN,True,1.0,0.9319196428571429,264.0,N/A,N/A,240,24,0
29,15296,UNKNOWN,True,1.0,0.9319196428571429,264.0,N/A,N/A,240,24,0
29,15233,UNKNOWN,True,1.0,0.9319196428571429,264.0,N/A,N/A,240,24,0
29,14839,UNKNOWN,True,1.0,0.9319196428571429,264.0,N/A,N/A,240,24,0
29,15485,UNKNOWN,True,0.9962121212121212,0.9285714285714286,263.0,N/A,N/A,239,24,0
29,14726,UNKNOWN,True,0.9962121212121212,0.9285714285714286,263.0,N/A,N/A,239,24,0
29,14779,UNKNOWN,True,0.9962121212121212,0.9285714285714286,263.0,N/A,N/A,239,24,0
29,15408,UNKNOWN,True,0.9924242424242424,0.921875,262.0,N/A,N/A,238,24,0
29,14549,UNKNOWN,True,0.9924242424242424,0.921875,262.0,N/A,N/A,238,24,0
29,14696,UNKNOWN,True,0.9924242424242424,0.921875,262.0,N/A,N/A,238,24,0
29,14699,UNKNOWN,True,0.9924242424242424,0.921875,262.0,N/A,N/A,238,24,0
29,14957,UNKNOWN,True,0.9924242424242424,0.921875,262.0,N/A,N/A,238,24,0
29,14817,UNKNOWN,True,0.9924242424242424,0.921875,262.0,N/A,N/A,238,24,0
29,14568,UNKNOWN,True,0.9886363636363636,0.9174107142857143,261.0,N/A,N/A,237,24,0
29,14736,UNKNOWN,True,0.9886363636363636,0.9174107142857143,261.0,N/A,N/A,240,21,0
29,15153,UNKNOWN,True,0.9886363636363636,0.9174107142857143,261.0,N/A,N/A,240,21,0
29,14756,UNKNOWN,True,0.9886363636363636,0.9174107142857143,261.0,N/A,N/A,240,21,0
29,14982,UNKNOWN,True,0.9810606060606061,0.9140625,259.0,N/A,N/A,235,24,0
29,14695,UNKNOWN,True,0.9810606060606061,0.9140625,259.0,N/A,N/A,238,21,0
29,15184,UNKNOWN,True,0.9810606060606061,0.9140625,259.0,N/A,N/A,235,24,0
29,14637,UNKNOWN,True,0.9772727272727273,0.9118303571428571,258.0,N/A,N/A,240,18,0
29,14615,UNKNOWN,True,0.9772727272727273,0.9118303571428571,258.0,N/A,N/A,240,18,0
29,14805,UNKNOWN,True,0.9734848484848485,0.8995535714285714,257.0,N/A,N/A,233,24,0
29,14745,UNKNOWN,True,0.9734848484848485,0.8995535714285714,257.0,N/A,N/A,233,24,0
29,14807,UNKNOWN,True,0.9734848484848485,0.8995535714285714,257.0,N/A,N/A,233,24,0
29,15426,UNKNOWN,True,0.9734848484848485,0.8995535714285714,257.0,N/A,N/A,233,24,0
29,14811,UNKNOWN,True,0.9734848484848485,0.8995535714285714,257.0,N/A,N/A,233,24,0
29,14636,UNKNOWN,True,0.9734848484848485,0.8995535714285714,257.0,N/A,N/A,233,24,0
29,14927,UNKNOWN,True,0.9734848484848485,0.8995535714285714,257.0,N/A,N/A,233,24,0
29,14680,UNKNOWN,True,0.9734848484848485,0.8995535714285714,257.0,N/A,N/A,233,24,0
29,15024,UNKNOWN,True,0.9734848484848485,0.8995535714285714,257.0,N/A,N/A,233,24,0
29,14867,UNKNOWN,True,0.9734848484848485,0.8995535714285714,257.0,N/A,N/A,233,24,0
29,14570,UNKNOWN,True,0.9734848484848485,0.8995535714285714,257.0,N/A,N/A,239,18,0
29,14693,UNKNOWN,True,0.9659090909090909,0.8928571428571429,255.0,N/A,N/A,237,18,0
29,14796,UNKNOWN,True,0.9659090909090909,0.8928571428571429,255.0,N/A,N/A,240,15,0
29,15669,UNKNOWN,True,0.9659090909090909,0.8928571428571429,255.0,N/A,https://github.com/rolling-scopes-school/1cd5c8cc-6b5e-5a37-bbcd-96a03d9525a5-REACT2020Q3,240,15,0
29,15576,UNKNOWN,True,0.9659090909090909,0.8928571428571429,255.0,N/A,N/A,240,15,0
29,15474,UNKNOWN,True,0.9659090909090909,0.8928571428571429,255.0,N/A,N/A,240,15,0
29,15139,UNKNOWN,True,0.9659090909090909,0.8928571428571429,255.0,N/A,N/A,237,18,0
29,14791,UNKNOWN,True,0.9621212121212122,0.8917410714285714,254.0,N/A,N/A,230,24,0
29,15156,UNKNOWN,True,0.9583333333333334,0.890625,253.0,N/A,N/A,232,21,0
29,15691,UNKNOWN,True,0.9545454545454546,0.8861607142857143,252.0,N/A,N/A,228,24,0
29,14624,UNKNOWN,True,0.9545454545454546,0.8861607142857143,252.0,N/A,N/A,240,12,0
29,14876,UNKNOWN,True,0.9545454545454546,0.8861607142857143,252.0,N/A,N/A,228,24,0
29,14976,UNKNOWN,True,0.9545454545454546,0.8861607142857143,252.0,N/A,N/A,240,12,0
29,15487,UNKNOWN,True,0.9507575757575758,0.8828125,251.0,N/A,N/A,227,24,0
29,14907,UNKNOWN,True,0.9507575757575758,0.8828125,251.0,N/A,N/A,227,24,0
29,14772,UNKNOWN,True,0.9507575757575758,0.8828125,251.0,N/A,N/A,227,24,0
29,14623,UNKNOWN,True,0.9431818181818182,0.8794642857142857,249.0,N/A,N/A,240,9,0
29,14606,UNKNOWN,True,0.9431818181818182,0.8794642857142857,249.0,N/A,N/A,225,24,0
29,14893,UNKNOWN,True,0.9431818181818182,0.8794642857142857,249.0,N/A,N/A,231,18,0
29,14812,UNKNOWN,True,0.9393939393939394,0.8783482142857143,248.0,N/A,N/A,230,18,0
29,14724,UNKNOWN,True,0.9356060606060606,0.8738839285714286,247.0,N/A,N/A,223,24,0
29,14892,UNKNOWN,True,0.9356060606060606,0.8738839285714286,247.0,N/A,N/A,223,24,0
29,15033,UNKNOWN,True,0.9356060606060606,0.8738839285714286,247.0,N/A,N/A,223,24,0
29,15300,UNKNOWN,True,0.9356060606060606,0.8738839285714286,247.0,N/A,N/A,223,24,0
29,14697,UNKNOWN,True,0.9318181818181818,0.8705357142857143,246.0,N/A,N/A,237,9,0
29,14598,UNKNOWN,True,0.9318181818181818,0.8705357142857143,246.0,N/A,N/A,240,6,0
29,14718,UNKNOWN,True,0.9318181818181818,0.8705357142857143,246.0,N/A,N/A,240,6,0
29,14874,UNKNOWN,True,0.9242424242424242,0.8571428571428571,244.0,N/A,N/A,220,24,0
29,14845,UNKNOWN,True,0.9242424242424242,0.8571428571428571,244.0,N/A,N/A,220,24,0
29,14716,UNKNOWN,True,0.9242424242424242,0.8571428571428571,244.0,N/A,N/A,220,24,0
29,15546,UNKNOWN,True,0.9242424242424242,0.8571428571428571,244.0,N/A,N/A,220,24,0
29,14589,UNKNOWN,True,0.9242424242424242,0.8571428571428571,244.0,N/A,N/A,220,24,0
29,14602,UNKNOWN,True,0.9242424242424242,0.8571428571428571,244.0,N/A,N/A,220,24,0
29,14654,UNKNOWN,True,0.9242424242424242,0.8571428571428571,244.0,N/A,N/A,220,24,0
29,15385,UNKNOWN,True,0.9242424242424242,0.8571428571428571,244.0,N/A,N/A,220,24,0
29,14789,UNKNOWN,True,0.9242424242424242,0.8571428571428571,244.0,N/A,https://github.com/rolling-scopes-school/d42c4e1b-c948-5bca-acfb-f79ba7eb4c1b-REACT2020Q3,220,24,0
29,14751,UNKNOWN,True,0.9242424242424242,0.8571428571428571,244.0,N/A,N/A,220,24,0
29,14758,UNKNOWN,True,0.9242424242424242,0.8571428571428571,244.0,N/A,N/A,220,24,0
29,14910,UNKNOWN,True,0.9242424242424242,0.8571428571428571,244.0,N/A,N/A,220,24,0
29,14541,UNKNOWN,True,0.9204545454545454,0.8549107142857143,243.0,N/A,N/A,231,12,0
29,14594,UNKNOWN,True,0.9204545454545454,0.8549107142857143,243.0,N/A,N/A,240,3,0
29,14814,UNKNOWN,True,0.9166666666666666,0.8526785714285714,242.0,N/A,N/A,227,15,0
29,14731,UNKNOWN,True,0.9166666666666666,0.8526785714285714,242.0,N/A,N/A,218,24,0
29,14664,UNKNOWN,True,0.9128787878787878,0.8459821428571429,241.0,N/A,N/A,217,24,0
29,14553,UNKNOWN,True,0.9128787878787878,0.8459821428571429,241.0,N/A,N/A,220,21,0
29,14819,UNKNOWN,True,0.9128787878787878,0.8459821428571429,241.0,N/A,N/A,220,21,0
29,15512,UNKNOWN,True,0.9128787878787878,0.8459821428571429,241.0,N/A,N/A,217,24,0
29,14684,UNKNOWN,True,0.9128787878787878,0.8459821428571429,241.0,N/A,N/A,220,21,0
29,14729,UNKNOWN,True,0.9128787878787878,0.8459821428571429,241.0,N/A,N/A,220,21,0
29,15077,UNKNOWN,True,0.9090909090909091,0.8415178571428571,240.0,N/A,N/A,216,24,0
29,14944,UNKNOWN,True,0.9090909090909091,0.8415178571428571,240.0,N/A,N/A,225,15,0
29,15194,UNKNOWN,True,0.9090909090909091,0.8415178571428571,240.0,N/A,N/A,240,0,0
29,14740,UNKNOWN,True,0.9090909090909091,0.8415178571428571,240.0,N/A,N/A,225,15,0
29,14880,UNKNOWN,True,0.9053030303030303,0.8370535714285714,239.0,N/A,N/A,215,24,0
29,15102,UNKNOWN,True,0.9053030303030303,0.8370535714285714,239.0,N/A,N/A,215,24,0
29,14567,UNKNOWN,True,0.9053030303030303,0.8370535714285714,239.0,N/A,N/A,230,9,0
29,14582,UNKNOWN,True,0.9053030303030303,0.8370535714285714,239.0,N/A,N/A,218,21,0
29,14788,UNKNOWN,True,0.9015151515151515,0.8314732142857143,238.0,N/A,N/A,217,21,0
29,14694,UNKNOWN,True,0.9015151515151515,0.8314732142857143,238.0,N/A,N/A,217,21,0
29,14593,UNKNOWN,True,0.9015151515151515,0.8314732142857143,238.0,N/A,https://github.com/rolling-scopes-school/99f65783-2dce-5d9b-a18e-33170de0b00d-REACT2020Q3,220,18,0
29,15378,UNKNOWN,True,0.9015151515151515,0.8314732142857143,238.0,N/A,N/A,220,18,0
29,14795,UNKNOWN,True,0.9015151515151515,0.8314732142857143,238.0,N/A,N/A,220,18,0
29,14890,UNKNOWN,True,0.8977272727272727,0.8247767857142857,237.0,N/A,N/A,213,24,0
29,14734,UNKNOWN,True,0.8977272727272727,0.8247767857142857,237.0,N/A,N/A,213,24,0
29,14766,UNKNOWN,True,0.8977272727272727,0.8247767857142857,237.0,N/A,N/A,213,24,0
29,15529,UNKNOWN,True,0.8977272727272727,0.8247767857142857,237.0,N/A,N/A,213,24,0
29,14630,UNKNOWN,True,0.8977272727272727,0.8247767857142857,237.0,N/A,N/A,213,24,0
29,14674,UNKNOWN,True,0.8977272727272727,0.8247767857142857,237.0,N/A,N/A,213,24,0
29,14928,UNKNOWN,True,0.8939393939393939,0.8214285714285714,236.0,N/A,N/A,212,24,0
29,14741,UNKNOWN,True,0.8939393939393939,0.8214285714285714,236.0,N/A,N/A,218,18,0
29,14676,UNKNOWN,True,0.8939393939393939,0.8214285714285714,236.0,N/A,N/A,212,24,0
29,14883,UNKNOWN,True,0.8901515151515151,0.8169642857142857,235.0,N/A,N/A,229,6,0
29,14932,UNKNOWN,True,0.8901515151515151,0.8169642857142857,235.0,N/A,N/A,220,15,0
29,14656,UNKNOWN,True,0.8901515151515151,0.8169642857142857,235.0,N/A,https://github.com/rolling-scopes-school/487bae60-4326-543a-b6a8-9aad67c7090a-REACT2020Q3,235,0,0
29,14742,UNKNOWN,True,0.8901515151515151,0.8169642857142857,235.0,N/A,N/A,220,15,0
29,14663,UNKNOWN,True,0.8863636363636364,0.8102678571428571,234.0,N/A,N/A,210,24,0
29,15202,UNKNOWN,True,0.8863636363636364,0.8102678571428571,234.0,N/A,N/A,213,21,0
29,14596,UNKNOWN,True,0.8863636363636364,0.8102678571428571,234.0,N/A,N/A,210,24,0
29,15476,UNKNOWN,True,0.8863636363636364,0.8102678571428571,234.0,N/A,N/A,210,24,0
29,14691,UNKNOWN,True,0.8863636363636364,0.8102678571428571,234.0,N/A,N/A,228,6,0
29,14930,UNKNOWN,True,0.8863636363636364,0.8102678571428571,234.0,N/A,N/A,213,21,0
29,15344,UNKNOWN,True,0.8825757575757576,0.8080357142857143,233.0,N/A,N/A,227,6,0
29,15517,UNKNOWN,True,0.8825757575757576,0.8080357142857143,233.0,N/A,N/A,233,0,0
29,15364,UNKNOWN,True,0.8787878787878788,0.8046875,232.0,N/A,N/A,217,15,0
29,14871,UNKNOWN,True,0.8787878787878788,0.8046875,232.0,N/A,N/A,208,24,0
29,15586,UNKNOWN,True,0.8787878787878788,0.8046875,232.0,N/A,N/A,208,24,0
29,15092,UNKNOWN,True,0.875,0.8024553571428571,231.0,N/A,N/A,213,18,0
29,14547,UNKNOWN,True,0.875,0.8024553571428571,231.0,N/A,N/A,210,21,0
29,14673,UNKNOWN,True,0.8712121212121212,0.7991071428571429,230.0,N/A,N/A,206,24,0
29,14713,UNKNOWN,True,0.8712121212121212,0.7991071428571429,230.0,N/A,N/A,230,0,0
29,15361,UNKNOWN,True,0.8712121212121212,0.7991071428571429,230.0,N/A,N/A,206,24,0
29,15608,UNKNOWN,True,0.8674242424242424,0.7912946428571429,229.0,N/A,N/A,220,9,0
29,14669,UNKNOWN,True,0.8674242424242424,0.7912946428571429,229.0,N/A,N/A,205,24,0
29,15498,UNKNOWN,True,0.8674242424242424,0.7912946428571429,229.0,N/A,N/A,220,9,0
29,14647,UNKNOWN,True,0.8674242424242424,0.7912946428571429,229.0,N/A,N/A,220,9,0
29,14628,UNKNOWN,True,0.8674242424242424,0.7912946428571429,229.0,N/A,N/A,205,24,0
29,14822,UNKNOWN,True,0.8674242424242424,0.7912946428571429,229.0,N/A,N/A,220,9,0
29,14802,UNKNOWN,True,0.8674242424242424,0.7912946428571429,229.0,N/A,N/A,217,12,0
29,15352,UNKNOWN,True,0.8636363636363636,0.7890625,228.0,N/A,N/A,213,15,0
29,15141,UNKNOWN,True,0.8636363636363636,0.7890625,228.0,N/A,N/A,210,18,0
29,14760,UNKNOWN,True,0.8598484848484849,0.7823660714285714,227.0,N/A,N/A,203,24,0
29,14757,UNKNOWN,True,0.8598484848484849,0.7823660714285714,227.0,N/A,N/A,227,0,0
29,15138,UNKNOWN,True,0.8598484848484849,0.7823660714285714,227.0,N/A,N/A,227,0,0
29,14632,UNKNOWN,True,0.8598484848484849,0.7823660714285714,227.0,N/A,N/A,203,24,0
29,14926,UNKNOWN,True,0.8598484848484849,0.7823660714285714,227.0,N/A,N/A,224,3,0
29,15452,UNKNOWN,True,0.8598484848484849,0.7823660714285714,227.0,N/A,N/A,203,24,0
29,15216,UNKNOWN,True,0.8560606060606061,0.7779017857142857,226.0,N/A,N/A,220,6,0
29,15448,UNKNOWN,True,0.8560606060606061,0.7779017857142857,226.0,N/A,N/A,202,24,0
29,14610,UNKNOWN,True,0.8560606060606061,0.7779017857142857,226.0,N/A,N/A,202,24,0
29,15040,UNKNOWN,True,0.8560606060606061,0.7779017857142857,226.0,N/A,N/A,205,21,0
29,15617,UNKNOWN,True,0.8522727272727273,0.7745535714285714,225.0,N/A,N/A,225,0,0
29,14891,UNKNOWN,True,0.8522727272727273,0.7745535714285714,225.0,N/A,N/A,207,18,0
29,14836,UNKNOWN,True,0.8522727272727273,0.7745535714285714,225.0,N/A,N/A,201,24,0
29,14748,UNKNOWN,True,0.8484848484848485,0.7712053571428571,224.0,N/A,N/A,200,24,0
29,15479,UNKNOWN,True,0.8484848484848485,0.7712053571428571,224.0,N/A,N/A,200,24,0
29,14749,UNKNOWN,True,0.8484848484848485,0.7712053571428571,224.0,N/A,N/A,200,24,0
29,15177,UNKNOWN,True,0.8446969696969697,0.7700892857142857,223.0,N/A,N/A,202,21,0
29,15368,UNKNOWN,True,0.8409090909090909,0.7667410714285714,222.0,N/A,N/A,198,24,0
29,14872,UNKNOWN,True,0.8409090909090909,0.7667410714285714,222.0,N/A,N/A,198,24,0
29,14947,UNKNOWN,True,0.8409090909090909,0.7667410714285714,222.0,N/A,N/A,198,24,0
29,15120,UNKNOWN,True,0.8371212121212122,0.7645089285714286,221.0,N/A,N/A,212,9,0
29,15519,UNKNOWN,True,0.8371212121212122,0.7645089285714286,221.0,N/A,N/A,215,6,0
29,14815,UNKNOWN,True,0.8333333333333334,0.7600446428571429,220.0,N/A,N/A,220,0,0
29,15671,UNKNOWN,True,0.8333333333333334,0.7600446428571429,220.0,N/A,N/A,205,15,0
29,14968,UNKNOWN,True,0.8333333333333334,0.7600446428571429,220.0,N/A,N/A,196,24,0
29,14712,UNKNOWN,True,0.8333333333333334,0.7600446428571429,220.0,N/A,N/A,220,0,0
29,14685,UNKNOWN,True,0.8295454545454546,0.7578125,219.0,N/A,N/A,198,21,0
29,15314,UNKNOWN,True,0.8295454545454546,0.7578125,219.0,N/A,N/A,195,24,0
29,14862,UNKNOWN,True,0.8257575757575758,0.7511160714285714,218.0,N/A,N/A,200,18,0
29,14860,UNKNOWN,True,0.8257575757575758,0.7511160714285714,218.0,N/A,N/A,200,18,0
29,14583,UNKNOWN,True,0.8257575757575758,0.7511160714285714,218.0,N/A,N/A,218,0,0
29,14780,UNKNOWN,True,0.8257575757575758,0.7511160714285714,218.0,N/A,N/A,218,0,0
29,14935,UNKNOWN,True,0.8257575757575758,0.7511160714285714,218.0,N/A,N/A,197,21,0
29,15473,UNKNOWN,True,0.8257575757575758,0.7511160714285714,218.0,N/A,https://github.com/rolling-scopes-school/5ee61337-12f5-5e29-beba-70f53a1fe9a0-REACT2020Q3,197,21,0
29,15636,UNKNOWN,True,0.821969696969697,0.7466517857142857,217.0,N/A,N/A,217,0,0
29,15027,UNKNOWN,True,0.821969696969697,0.7466517857142857,217.0,N/A,N/A,217,0,0
29,14658,UNKNOWN,True,0.821969696969697,0.7466517857142857,217.0,N/A,N/A,208,9,0
29,15200,UNKNOWN,True,0.821969696969697,0.7466517857142857,217.0,N/A,https://github.com/rolling-scopes-school/eac2cbf3-207d-5feb-ad21-f29014af6ac6-REACT2020Q3,217,0,0
29,15065,UNKNOWN,True,0.8143939393939394,0.7433035714285714,215.0,N/A,N/A,215,0,0
29,15393,UNKNOWN,True,0.8143939393939394,0.7433035714285714,215.0,N/A,N/A,197,18,0
29,15468,UNKNOWN,True,0.8143939393939394,0.7433035714285714,215.0,N/A,N/A,197,18,0
29,15416,UNKNOWN,True,0.8106060606060606,0.7410714285714286,214.0,N/A,N/A,193,21,0
29,14631,UNKNOWN,True,0.8106060606060606,0.7410714285714286,214.0,N/A,N/A,190,24,0
29,15100,UNKNOWN,True,0.8068181818181818,0.7399553571428571,213.0,N/A,N/A,207,6,0
29,15467,UNKNOWN,True,0.7992424242424242,0.7366071428571429,211.0,N/A,N/A,208,3,0
29,14945,UNKNOWN,True,0.7992424242424242,0.7366071428571429,211.0,N/A,N/A,205,6,0
29,14882,UNKNOWN,True,0.7992424242424242,0.7366071428571429,211.0,N/A,N/A,187,24,0
29,15014,UNKNOWN,True,0.7954545454545454,0.734375,210.0,N/A,N/A,195,15,0
29,14800,UNKNOWN,True,0.7954545454545454,0.734375,210.0,N/A,N/A,210,0,0
29,14536,UNKNOWN,True,0.7878787878787878,0.7332589285714286,208.0,N/A,N/A,208,0,0
29,14625,UNKNOWN,True,0.7840909090909091,0.7321428571428571,207.0,N/A,N/A,183,24,0
29,15011,UNKNOWN,True,0.7803030303030303,0.7299107142857143,206.0,N/A,N/A,182,24,0
29,14634,UNKNOWN,True,0.7803030303030303,0.7299107142857143,206.0,N/A,N/A,197,9,0
29,14873,UNKNOWN,True,0.7765151515151515,0.7287946428571429,205.0,N/A,N/A,187,18,0
29,15047,UNKNOWN,True,0.7727272727272727,0.7276785714285714,204.0,N/A,N/A,195,9,0
29,14765,UNKNOWN,True,0.7689393939393939,0.7265625,203.0,N/A,N/A,203,0,0
29,14591,UNKNOWN,True,0.7651515151515151,0.7232142857142857,202.0,N/A,N/A,202,0,0
29,15190,UNKNOWN,True,0.7651515151515151,0.7232142857142857,202.0,N/A,N/A,202,0,0
29,15489,UNKNOWN,True,0.7651515151515151,0.7232142857142857,202.0,N/A,N/A,202,0,0
29,15273,UNKNOWN,True,0.7613636363636364,0.7209821428571429,201.0,N/A,N/A,201,0,0
29,15054,UNKNOWN,True,0.7613636363636364,0.7209821428571429,201.0,N/A,https://github.com/rolling-scopes-school/757d1290-de7d-54de-ae08-b260df2fde0e-REACT2020Q3,177,24,0
29,14686,UNKNOWN,True,0.7575757575757576,0.7198660714285714,200.0,N/A,N/A,200,0,0
29,14884,UNKNOWN,True,0.75,0.7176339285714286,198.0,N/A,N/A,180,18,0
29,14612,UNKNOWN,True,0.75,0.7176339285714286,198.0,N/A,N/A,198,0,0
29,14846,UNKNOWN,True,0.7462121212121212,0.7165178571428571,197.0,N/A,N/A,197,0,0
29,14733,UNKNOWN,True,0.7386363636363636,0.7142857142857143,195.0,N/A,N/A,171,24,0
29,15433,UNKNOWN,True,0.7386363636363636,0.7142857142857143,195.0,N/A,N/A,195,0,0
29,14806,UNKNOWN,True,0.7310606060606061,0.7120535714285714,193.0,N/A,N/A,193,0,0
29,15513,UNKNOWN,True,0.7310606060606061,0.7120535714285714,193.0,N/A,N/A,193,0,0
29,14750,UNKNOWN,True,0.7234848484848485,0.7109375,191.0,N/A,N/A,173,18,0
29,15116,UNKNOWN,True,0.7083333333333334,0.7087053571428571,187.0,N/A,https://github.com/rolling-scopes-school/017a3666-2c9d-51db-93f5-d4611cd3108c-REACT2020Q3,178,9,0
29,15026,UNKNOWN,True,0.7083333333333334,0.7087053571428571,187.0,N/A,N/A,187,0,0
29,14655,UNKNOWN,True,0.7007575757575758,0.7075892857142857,185.0,N/A,N/A,185,0,0
29,14818,UNKNOWN,True,0.6931818181818182,0.7064732142857143,183.0,N/A,N/A,168,15,0
29,14710,UNKNOWN,True,0.6893939393939394,0.7042410714285714,182.0,N/A,N/A,182,0,0
29,15210,UNKNOWN,True,0.6893939393939394,0.7042410714285714,182.0,N/A,N/A,182,0,0
29,15449,UNKNOWN,True,0.6856060606060606,0.703125,181.0,N/A,N/A,178,3,0
29,15165,UNKNOWN,True,0.6818181818181818,0.7020089285714286,180.0,N/A,N/A,180,0,0
29,14526,UNKNOWN,True,0.6704545454545454,0.7008928571428571,177.0,N/A,N/A,153,24,0
29,15034,UNKNOWN,True,0.6666666666666666,0.6997767857142857,176.0,N/A,N/A,170,6,0
29,15109,UNKNOWN,True,0.6628787878787878,0.6986607142857143,175.0,N/A,N/A,175,0,0
29,15386,UNKNOWN,True,0.6325757575757576,0.6975446428571429,167.0,N/A,https://github.com/rolling-scopes-school/fd9633d8-e976-5987-b54c-d47a0407f100-REACT2020Q3,167,0,0
29,14681,UNKNOWN,True,0.6287878787878788,0.6964285714285714,166.0,N/A,N/A,166,0,0
29,15226,UNKNOWN,True,0.4810606060606061,0.6953125,127.0,N/A,N/A,103,24,0
29,14925,UNKNOWN,True,0.45075757575757575,0.6941964285714286,119.0,N/A,N/A,116,3,0
29,14592,UNKNOWN,True,0.09090909090909091,0.671875,24.0,N/A,N/A,0,24,0
29,14979,UNKNOWN,True,0.09090909090909091,0.671875,24.0,N/A,N/A,0,24,0
29,15337,UNKNOWN,True,0.09090909090909091,0.671875,24.0,N/A,N/A,0,24,0
29,15134,UNKNOWN,True,0.09090909090909091,0.671875,24.0,N/A,N/A,0,24,0
29,14823,UNKNOWN,True,0.09090909090909091,0.671875,24.0,N/A,N/A,0,24,0
29,15520,UNKNOWN,True,0.09090909090909091,0.671875,24.0,N/A,N/A,0,24,0
29,15341,UNKNOWN,True,0.09090909090909091,0.671875,24.0,N/A,N/A,0,24,0
29,14828,UNKNOWN,True,0.09090909090909091,0.671875,24.0,N/A,N/A,0,24,0
29,15105,UNKNOWN,True,0.09090909090909091,0.671875,24.0,N/A,N/A,0,24,0
29,15317,UNKNOWN,True,0.09090909090909091,0.671875,24.0,N/A,N/A,0,24,0
29,14887,UNKNOWN,True,0.09090909090909091,0.671875,24.0,N/A,N/A,0,24,0
29,15590,UNKNOWN,True,0.09090909090909091,0.671875,24.0,N/A,https://github.com/rolling-scopes-school/acb75b37-11c7-515e-8893-e7c9e47c0209-REACT2020Q3,0,24,0
29,14835,UNKNOWN,True,0.09090909090909091,0.671875,24.0,N/A,N/A,0,24,0
29,14837,UNKNOWN,True,0.09090909090909091,0.671875,24.0,N/A,N/A,0,24,0
29,14678,UNKNOWN,True,0.09090909090909091,0.671875,24.0,N/A,N/A,0,24,0
29,15651,UNKNOWN,True,0.09090909090909091,0.671875,24.0,N/A,N/A,0,24,0
29,14946,UNKNOWN,True,0.09090909090909091,0.671875,24.0,N/A,N/A,0,24,0
29,14651,UNKNOWN,True,0.09090909090909091,0.671875,24.0,N/A,N/A,0,24,0
29,14652,UNKNOWN,True,0.09090909090909091,0.671875,24.0,N/A,N/A,0,24,0
29,14813,UNKNOWN,True,0.09090909090909091,0.671875,24.0,N/A,N/A,0,24,0
29,14667,UNKNOWN,True,0.07954545454545454,0.6685267857142857,21.0,N/A,N/A,0,21,0
29,15369,UNKNOWN,True,0.07954545454545454,0.6685267857142857,21.0,N/A,N/A,0,21,0
29,15442,UNKNOWN,True,0.07954545454545454,0.6685267857142857,21.0,N/A,N/A,0,21,0
29,14603,UNKNOWN,True,0.056818181818181816,0.6674107142857143,15.0,N/A,N/A,0,15,0
29,15145,UNKNOWN,True,0.045454545454545456,0.6651785714285714,12.0,N/A,N/A,0,12,0
29,15547,UNKNOWN,True,0.045454545454545456,0.6651785714285714,12.0,N/A,N/A,0,12,0
29,14904,UNKNOWN,True,0.03409090909090909,0.6540178571428571,9.0,N/A,N/A,0,9,0
29,15451,UNKNOWN,True,0.03409090909090909,0.6540178571428571,9.0,N/A,N/A,0,9,0
29,15246,UNKNOWN,True,0.03409090909090909,0.6540178571428571,9.0,N/A,N/A,0,9,0
29,15251,UNKNOWN,True,0.03409090909090909,0.6540178571428571,9.0,N/A,N/A,0,9,0
29,14785,UNKNOWN,True,0.03409090909090909,0.6540178571428571,9.0,N/A,N/A,0,9,0
29,15051,UNKNOWN,True,0.03409090909090909,0.6540178571428571,9.0,N/A,N/A,0,9,0
29,15001,UNKNOWN,True,0.03409090909090909,0.6540178571428571,9.0,N/A,N/A,0,9,0
29,14588,UNKNOWN,True,0.03409090909090909,0.6540178571428571,9.0,N/A,N/A,0,9,0
29,14801,UNKNOWN,True,0.03409090909090909,0.6540178571428571,9.0,N/A,N/A,0,9,0
29,15097,UNKNOWN,True,0.03409090909090909,0.6540178571428571,9.0,N/A,N/A,0,9,0
29,14870,UNKNOWN,True,0.022727272727272728,0.6450892857142857,6.0,N/A,N/A,0,6,0
29,15497,UNKNOWN,True,0.022727272727272728,0.6450892857142857,6.0,N/A,N/A,0,6,0
29,15566,UNKNOWN,True,0.022727272727272728,0.6450892857142857,6.0,N/A,N/A,0,6,0
29,14942,UNKNOWN,True,0.022727272727272728,0.6450892857142857,6.0,N/A,N/A,0,6,0
29,15319,UNKNOWN,True,0.022727272727272728,0.6450892857142857,6.0,N/A,N/A,0,6,0
29,14936,UNKNOWN,True,0.022727272727272728,0.6450892857142857,6.0,N/A,N/A,0,6,0
29,15543,UNKNOWN,True,0.022727272727272728,0.6450892857142857,6.0,N/A,N/A,0,6,0
29,15238,UNKNOWN,True,0.022727272727272728,0.6450892857142857,6.0,N/A,N/A,0,6,0
29,14640,UNKNOWN,True,0.011363636363636364,0.6428571428571429,3.0,N/A,N/A,0,3,0
29,14543,UNKNOWN,True,0.011363636363636364,0.6428571428571429,3.0,N/A,N/A,0,3,0
29,15350,UNKNOWN,True,0.0,0.0,0.0,N/A,N/A,0,0,0
29,15330,UNKNOWN,True,0.0,0.0,0.0,N/A,N/A,0,0,0
29,15641,UNKNOWN,True,0.0,0.0,0.0,N/A,N/A,0,0,0
29,15639,UNKNOWN,True,0.0,0.0,0.0,N/A,N/A,0,0,0
29,15331,UNKNOWN,True,0.0,0.0,0.0,N/A,N/A,0,0,0
29,15349,UNKNOWN,True,0.0,0.0,0.0,N/A,N/A,0,0,0
29,15342,UNKNOWN,True,0.0,0.0,0.0,N/A,N/A,0,0,0
29,15335,UNKNOWN,True,0.0,0.0,0.0,N/A,N/A,0,0,0
29,15347,UNKNOWN,True,0.0,0.0,0.0,N/A,N/A,0,0,0
29,15346,UNKNOWN,True,0.0,0.0,0.0,N/A,N/A,0,0,0
29,15334,UNKNOWN,True,0.0,0.0,0.0,N/A,N/A,0,0,0
29,15345,UNKNOWN,True,0.0,0.0,0.0,N/A,N/A,0,0,0
29,15339,UNKNOWN,True,0.0,0.0,0.0,N/A,N/A,0,0,0
29,15637,UNKNOWN,True,0.0,0.0,0.0,N/A,N/A,0,0,0
29,15343,UNKNOWN,True,0.0,0.0,0.0,N/A,N/A,0,0,0
29,15642,UNKNOWN,True,0.0,0.0,0.0,N/A,N/A,0,0,0
29,15527,UNKNOWN,True,0.0,0.0,0.0,N/A,N/A,0,0,0
29,15354,UNKNOWN,True,0.0,0.0,0.0,N/A,N/A,0,0,0
29,15373,UNKNOWN,True,0.0,0.0,0.0,N/A,N/A,0,0,0
29,15620,UNKNOWN,True,0.0,0.0,0.0,N/A,N/A,0,0,0
29,15389,UNKNOWN,True,0.0,0.0,0.0,N/A,N/A,0,0,0
29,15621,UNKNOWN,True,0.0,0.0,0.0,N/A,N/A,0,0,0
29,15384,UNKNOWN,True,0.0,0.0,0.0,N/A,N/A,0,0,0
29,15383,UNKNOWN,True,0.0,0.0,0.0,N/A,N/A,0,0,0
29,15381,UNKNOWN,True,0.0,0.0,0.0,N/A,N/A,0,0,0
29,15380,UNKNOWN,True,0.0,0.0,0.0,N/A,N/A,0,0,0
29,15379,UNKNOWN,True,0.0,0.0,0.0,N/A,N/A,0,0,0
29,15622,UNKNOWN,True,0.0,0.0,0.0,N/A,N/A,0,0,0
29,15377,UNKNOWN,True,0.0,0.0,0.0,N/A,N/A,0,0,0
29,15376,UNKNOWN,True,0.0,0.0,0.0,N/A,N/A,0,0,0
29,15624,UNKNOWN,True,0.0,0.0,0.0,N/A,N/A,0,0,0
29,15374,UNKNOWN,True,0.0,0.0,0.0,N/A,N/A,0,0,0
29,15371,UNKNOWN,True,0.0,0.0,0.0,N/A,N/A,0,0,0
29,15355,UNKNOWN,True,0.0,0.0,0.0,N/A,N/A,0,0,0
29,15370,UNKNOWN,True,0.0,0.0,0.0,N/A,N/A,0,0,0
29,15625,UNKNOWN,True,0.0,0.0,0.0,N/A,N/A,0,0,0
29,15626,UNKNOWN,True,0.0,0.0,0.0,N/A,N/A,0,0,0
29,15627,UNKNOWN,True,0.0,0.0,0.0,N/A,N/A,0,0,0
29,15366,UNKNOWN,True,0.0,0.0,0.0,N/A,N/A,0,0,0
29,15628,UNKNOWN,True,0.0,0.0,0.0,N/A,N/A,0,0,0
29,15326,UNKNOWN,True,0.0,0.0,0.0,N/A,N/A,0,0,0
29,15362,UNKNOWN,True,0.0,0.0,0.0,N/A,N/A,0,0,0
29,15632,UNKNOWN,True,0.0,0.0,0.0,N/A,N/A,0,0,0
29,15359,UNKNOWN,True,0.0,0.0,0.0,N/A,N/A,0,0,0
29,15357,UNKNOWN,True,0.0,0.0,0.0,N/A,N/A,0,0,0
29,15635,UNKNOWN,True,0.0,0.0,0.0,N/A,N/A,0,0,0
29,15356,UNKNOWN,True,0.0,0.0,0.0,N/A,N/A,0,0,0
29,15363,UNKNOWN,True,0.0,0.0,0.0,N/A,N/A,0,0,0
29,15313,UNKNOWN,True,0.0,0.0,0.0,N/A,N/A,0,0,0
29,15322,UNKNOWN,True,0.0,0.0,0.0,N/A,N/A,0,0,0
29,15265,UNKNOWN,True,0.0,0.0,0.0,N/A,N/A,0,0,0
29,15665,UNKNOWN,True,0.0,0.0,0.0,N/A,N/A,0,0,0
29,15272,UNKNOWN,True,0.0,0.0,0.0,N/A,N/A,0,0,0
29,15667,UNKNOWN,True,0.0,0.0,0.0,N/A,N/A,0,0,0
29,15670,UNKNOWN,True,0.0,0.0,0.0,N/A,N/A,0,0,0
29,15703,UNKNOWN,True,0.0,0.0,0.0,N/A,N/A,0,0,0
29,15725,UNKNOWN,True,0.0,0.0,0.0,N/A,N/A,0,0,0
29,15271,UNKNOWN,True,0.0,0.0,0.0,N/A,N/A,0,0,0
29,15270,UNKNOWN,True,0.0,0.0,0.0,N/A,N/A,0,0,0
29,15269,UNKNOWN,True,0.0,0.0,0.0,N/A,N/A,0,0,0
29,15730,UNKNOWN,True,0.0,0.0,0.0,N/A,N/A,0,0,0
29,15268,UNKNOWN,True,0.0,0.0,0.0,N/A,N/A,0,0,0
29,15267,UNKNOWN,True,0.0,0.0,0.0,N/A,N/A,0,0,0
29,15266,UNKNOWN,True,0.0,0.0,0.0,N/A,N/A,0,0,0
29,15844,UNKNOWN,True,0.0,0.0,0.0,N/A,N/A,0,0,0
29,15264,UNKNOWN,True,0.0,0.0,0.0,N/A,N/A,0,0,0
29,15664,UNKNOWN,True,0.0,0.0,0.0,N/A,N/A,0,0,0
29,15263,UNKNOWN,True,0.0,0.0,0.0,N/A,N/A,0,0,0
29,15262,UNKNOWN,True,0.0,0.0,0.0,N/A,N/A,0,0,0
29,15261,UNKNOWN,True,0.0,0.0,0.0,N/A,N/A,0,0,0
29,15259,UNKNOWN,True,0.0,0.0,0.0,N/A,N/A,0,0,0
29,15257,UNKNOWN,True,0.0,0.0,0.0,N/A,N/A,0,0,0
29,15256,UNKNOWN,True,0.0,0.0,0.0,N/A,N/A,0,0,0
29,15255,UNKNOWN,True,0.0,0.0,0.0,N/A,N/A,0,0,0
29,15254,UNKNOWN,True,0.0,0.0,0.0,N/A,N/A,0,0,0
29,15252,UNKNOWN,True,0.0,0.0,0.0,N/A,N/A,0,0,0
29,15250,UNKNOWN,True,0.0,0.0,0.0,N/A,N/A,0,0,0
29,15249,UNKNOWN,True,0.0,0.0,0.0,N/A,N/A,0,0,0
29,15866,UNKNOWN,True,0.0,0.0,0.0,N/A,N/A,0,0,0
29,15242,UNKNOWN,True,0.0,0.0,0.0,N/A,N/A,0,0,0
29,15241,UNKNOWN,True,0.0,0.0,0.0,N/A,N/A,0,0,0
29,15275,UNKNOWN,True,0.0,0.0,0.0,N/A,N/A,0,0,0
29,15661,UNKNOWN,True,0.0,0.0,0.0,N/A,N/A,0,0,0
29,15320,UNKNOWN,True,0.0,0.0,0.0,N/A,N/A,0,0,0
29,15299,UNKNOWN,True,0.0,0.0,0.0,N/A,N/A,0,0,0
29,15318,UNKNOWN,True,0.0,0.0,0.0,N/A,N/A,0,0,0
29,15643,UNKNOWN,True,0.0,0.0,0.0,N/A,N/A,0,0,0
29,15644,UNKNOWN,True,0.0,0.0,0.0,N/A,N/A,0,0,0
29,15316,UNKNOWN,True,0.0,0.0,0.0,N/A,N/A,0,0,0
29,15315,UNKNOWN,True,0.0,0.0,0.0,N/A,N/A,0,0,0
29,15645,UNKNOWN,True,0.0,0.0,0.0,N/A,N/A,0,0,0
29,15391,UNKNOWN,True,0.0,0.0,0.0,N/A,N/A,0,0,0
29,15311,UNKNOWN,True,0.0,0.0,0.0,N/A,N/A,0,0,0
29,15309,UNKNOWN,True,0.0,0.0,0.0,N/A,N/A,0,0,0
29,15307,UNKNOWN,True,0.0,0.0,0.0,N/A,N/A,0,0,0
29,15306,UNKNOWN,True,0.0,0.0,0.0,N/A,N/A,0,0,0
29,15646,UNKNOWN,True,0.0,0.0,0.0,N/A,N/A,0,0,0
29,15304,UNKNOWN,True,0.0,0.0,0.0,N/A,N/A,0,0,0
29,15648,UNKNOWN,True,0.0,0.0,0.0,N/A,N/A,0,0,0
29,15297,UNKNOWN,True,0.0,0.0,0.0,N/A,N/A,0,0,0
29,15279,UNKNOWN,True,0.0,0.0,0.0,N/A,N/A,0,0,0
29,15295,UNKNOWN,True,0.0,0.0,0.0,N/A,N/A,0,0,0
29,15293,UNKNOWN,True,0.0,0.0,0.0,N/A,N/A,0,0,0
29,15292,UNKNOWN,True,0.0,0.0,0.0,N/A,N/A,0,0,0
29,15652,UNKNOWN,True,0.0,0.0,0.0,N/A,N/A,0,0,0
29,15290,UNKNOWN,True,0.0,0.0,0.0,N/A,N/A,0,0,0
29,15655,UNKNOWN,True,0.0,0.0,0.0,N/A,N/A,0,0,0
29,15288,UNKNOWN,True,0.0,0.0,0.0,N/A,N/A,0,0,0
29,15656,UNKNOWN,True,0.0,0.0,0.0,N/A,N/A,0,0,0
29,15285,UNKNOWN,True,0.0,0.0,0.0,N/A,N/A,0,0,0
29,15659,UNKNOWN,True,0.0,0.0,0.0,N/A,N/A,0,0,0
29,15283,UNKNOWN,True,0.0,0.0,0.0,N/A,N/A,0,0,0
29,15282,UNKNOWN,True,0.0,0.0,0.0,N/A,N/A,0,0,0
29,15660,UNKNOWN,True,0.0,0.0,0.0,N/A,N/A,0,0,0
29,15280,UNKNOWN,True,0.0,0.0,0.0,N/A,N/A,0,0,0
29,15390,UNKNOWN,True,0.0,0.0,0.0,N/A,N/A,0,0,0
29,15411,UNKNOWN,True,0.0,0.0,0.0,N/A,N/A,0,0,0
29,15619,UNKNOWN,True,0.0,0.0,0.0,N/A,N/A,0,0,0
29,15492,UNKNOWN,True,0.0,0.0,0.0,N/A,N/A,0,0,0
29,15502,UNKNOWN,True,0.0,0.0,0.0,N/A,N/A,0,0,0
29,15564,UNKNOWN,True,0.0,0.0,0.0,N/A,N/A,0,0,0
29,15501,UNKNOWN,True,0.0,0.0,0.0,N/A,N/A,0,0,0
29,15500,UNKNOWN,True,0.0,0.0,0.0,N/A,N/A,0,0,0
29,15499,UNKNOWN,True,0.0,0.0,0.0,N/A,N/A,0,0,0
29,15565,UNKNOWN,True,0.0,0.0,0.0,N/A,N/A,0,0,0
29,15569,UNKNOWN,True,0.0,0.0,0.0,N/A,N/A,0,0,0
29,15570,UNKNOWN,True,0.0,0.0,0.0,N/A,N/A,0,0,0
29,15573,UNKNOWN,True,0.0,0.0,0.0,N/A,N/A,0,0,0
29,15574,UNKNOWN,True,0.0,0.0,0.0,N/A,N/A,0,0,0
29,15496,UNKNOWN,True,0.0,0.0,0.0,N/A,N/A,0,0,0
29,15495,UNKNOWN,True,0.0,0.0,0.0,N/A,N/A,0,0,0
29,15494,UNKNOWN,True,0.0,0.0,0.0,N/A,N/A,0,0,0
29,15493,UNKNOWN,True,0.0,0.0,0.0,N/A,N/A,0,0,0
29,15490,UNKNOWN,True,0.0,0.0,0.0,N/A,N/A,0,0,0
29,15504,UNKNOWN,True,0.0,0.0,0.0,N/A,N/A,0,0,0
29,15579,UNKNOWN,True,0.0,0.0,0.0,N/A,N/A,0,0,0
29,15488,UNKNOWN,True,0.0,0.0,0.0,N/A,N/A,0,0,0
29,15580,UNKNOWN,True,0.0,0.0,0.0,N/A,N/A,0,0,0
29,15581,UNKNOWN,True,0.0,0.0,0.0,N/A,N/A,0,0,0
29,15583,UNKNOWN,True,0.0,0.0,0.0,N/A,N/A,0,0,0
29,15484,UNKNOWN,True,0.0,0.0,0.0,N/A,N/A,0,0,0
29,15585,UNKNOWN,True,0.0,0.0,0.0,N/A,N/A,0,0,0
29,15482,UNKNOWN,True,0.0,0.0,0.0,N/A,N/A,0,0,0
29,15481,UNKNOWN,True,0.0,0.0,0.0,N/A,N/A,0,0,0
29,15480,UNKNOWN,True,0.0,0.0,0.0,N/A,N/A,0,0,0
29,15587,UNKNOWN,True,0.0,0.0,0.0,N/A,N/A,0,0,0
29,15588,UNKNOWN,True,0.0,0.0,0.0,N/A,N/A,0,0,0
29,15477,UNKNOWN,True,0.0,0.0,0.0,N/A,N/A,0,0,0
29,15475,UNKNOWN,True,0.0,0.0,0.0,N/A,N/A,0,0,0
29,15562,UNKNOWN,True,0.0,0.0,0.0,N/A,N/A,0,0,0
29,15560,UNKNOWN,True,0.0,0.0,0.0,N/A,N/A,0,0,0
29,15594,UNKNOWN,True,0.0,0.0,0.0,N/A,N/A,0,0,0
29,15549,UNKNOWN,True,0.0,0.0,0.0,N/A,N/A,0,0,0
29,15526,UNKNOWN,True,0.0,0.0,0.0,N/A,N/A,0,0,0
29,15533,UNKNOWN,True,0.0,0.0,0.0,N/A,N/A,0,0,0
29,15534,UNKNOWN,True,0.0,0.0,0.0,N/A,N/A,0,0,0
29,15535,UNKNOWN,True,0.0,0.0,0.0,N/A,N/A,0,0,0
29,15537,UNKNOWN,True,0.0,0.0,0.0,N/A,N/A,0,0,0
29,15541,UNKNOWN,True,0.0,0.0,0.0,N/A,N/A,0,0,0
29,15525,UNKNOWN,True,0.0,0.0,0.0,N/A,N/A,0,0,0
29,15524,UNKNOWN,True,0.0,0.0,0.0,N/A,N/A,0,0,0
29,15542,UNKNOWN,True,0.0,0.0,0.0,N/A,N/A,0,0,0
29,15523,UNKNOWN,True,0.0,0.0,0.0,N/A,N/A,0,0,0
29,15544,UNKNOWN,True,0.0,0.0,0.0,N/A,N/A,0,0,0
29,15522,UNKNOWN,True,0.0,0.0,0.0,N/A,N/A,0,0,0
29,15548,UNKNOWN,True,0.0,0.0,0.0,N/A,N/A,0,0,0
29,15518,UNKNOWN,True,0.0,0.0,0.0,N/A,N/A,0,0,0
29,15552,UNKNOWN,True,0.0,0.0,0.0,N/A,N/A,0,0,0
29,15505,UNKNOWN,True,0.0,0.0,0.0,N/A,N/A,0,0,0
29,15516,UNKNOWN,True,0.0,0.0,0.0,N/A,N/A,0,0,0
29,15553,UNKNOWN,True,0.0,0.0,0.0,N/A,N/A,0,0,0
29,15515,UNKNOWN,True,0.0,0.0,0.0,N/A,N/A,0,0,0
29,15514,UNKNOWN,True,0.0,0.0,0.0,N/A,N/A,0,0,0
29,15554,UNKNOWN,True,0.0,0.0,0.0,N/A,N/A,0,0,0
29,15555,UNKNOWN,True,0.0,0.0,0.0,N/A,N/A,0,0,0
29,15556,UNKNOWN,True,0.0,0.0,0.0,N/A,N/A,0,0,0
29,15557,UNKNOWN,True,0.0,0.0,0.0,N/A,N/A,0,0,0
29,15511,UNKNOWN,True,0.0,0.0,0.0,N/A,N/A,0,0,0
29,15510,UNKNOWN,True,0.0,0.0,0.0,N/A,N/A,0,0,0
29,15508,UNKNOWN,True,0.0,0.0,0.0,N/A,N/A,0,0,0
29,15507,UNKNOWN,True,0.0,0.0,0.0,N/A,N/A,0,0,0
29,15558,UNKNOWN,True,0.0,0.0,0.0,N/A,N/A,0,0,0
29,15559,UNKNOWN,True,0.0,0.0,0.0,N/A,N/A,0,0,0
29,15593,UNKNOWN,True,0.0,0.0,0.0,N/A,N/A,0,0,0
29,15472,UNKNOWN,True,0.0,0.0,0.0,N/A,N/A,0,0,0
29,15394,UNKNOWN,True,0.0,0.0,0.0,N/A,N/A,0,0,0
29,15412,UNKNOWN,True,0.0,0.0,0.0,N/A,N/A,0,0,0
29,15606,UNKNOWN,True,0.0,0.0,0.0,N/A,N/A,0,0,0
29,15428,UNKNOWN,True,0.0,0.0,0.0,N/A,N/A,0,0,0
29,15427,UNKNOWN,True,0.0,0.0,0.0,N/A,N/A,0,0,0
29,15609,UNKNOWN,True,0.0,0.0,0.0,N/A,N/A,0,0,0
29,15425,UNKNOWN,True,0.0,0.0,0.0,N/A,N/A,0,0,0
29,15423,UNKNOWN,True,0.0,0.0,0.0,N/A,N/A,0,0,0
29,15422,UNKNOWN,True,0.0,0.0,0.0,N/A,N/A,0,0,0
29,15420,UNKNOWN,True,0.0,0.0,0.0,N/A,N/A,0,0,0
29,15610,UNKNOWN,True,0.0,0.0,0.0,N/A,N/A,0,0,0
29,15419,UNKNOWN,True,0.0,0.0,0.0,N/A,N/A,0,0,0
29,15418,UNKNOWN,True,0.0,0.0,0.0,N/A,N/A,0,0,0
29,15612,UNKNOWN,True,0.0,0.0,0.0,N/A,N/A,0,0,0
29,15614,UNKNOWN,True,0.0,0.0,0.0,N/A,N/A,0,0,0
29,15415,UNKNOWN,True,0.0,0.0,0.0,N/A,N/A,0,0,0
29,15531,UNKNOWN,True,0.0,0.0,0.0,N/A,N/A,0,0,0
29,15430,UNKNOWN,True,0.0,0.0,0.0,N/A,N/A,0,0,0
29,15615,UNKNOWN,True,0.0,0.0,0.0,N/A,N/A,0,0,0
29,15409,UNKNOWN,True,0.0,0.0,0.0,N/A,N/A,0,0,0
29,15616,UNKNOWN,True,0.0,0.0,0.0,N/A,N/A,0,0,0
29,15407,UNKNOWN,True,0.0,0.0,0.0,N/A,N/A,0,0,0
29,15406,UNKNOWN,True,0.0,0.0,0.0,N/A,N/A,0,0,0
29,15405,UNKNOWN,True,0.0,0.0,0.0,N/A,N/A,0,0,0
29,15404,UNKNOWN,True,0.0,0.0,0.0,N/A,N/A,0,0,0
29,15403,UNKNOWN,True,0.0,0.0,0.0,N/A,N/A,0,0,0
29,15402,UNKNOWN,True,0.0,0.0,0.0,N/A,N/A,0,0,0
29,15401,UNKNOWN,True,0.0,0.0,0.0,N/A,N/A,0,0,0
29,15618,UNKNOWN,True,0.0,0.0,0.0,N/A,N/A,0,0,0
29,15400,UNKNOWN,True,0.0,0.0,0.0,N/A,N/A,0,0,0
29,15397,UNKNOWN,True,0.0,0.0,0.0,N/A,N/A,0,0,0
29,15396,UNKNOWN,True,0.0,0.0,0.0,N/A,N/A,0,0,0
29,15429,UNKNOWN,True,0.0,0.0,0.0,N/A,N/A,0,0,0
29,15431,UNKNOWN,True,0.0,0.0,0.0,N/A,N/A,0,0,0
29,15471,UNKNOWN,True,0.0,0.0,0.0,N/A,N/A,0,0,0
29,15453,UNKNOWN,True,0.0,0.0,0.0,N/A,N/A,0,0,0
29,15595,UNKNOWN,True,0.0,0.0,0.0,N/A,N/A,0,0,0
29,15469,UNKNOWN,True,0.0,0.0,0.0,N/A,N/A,0,0,0
29,15596,UNKNOWN,True,0.0,0.0,0.0,N/A,N/A,0,0,0
29,15466,UNKNOWN,True,0.0,0.0,0.0,N/A,N/A,0,0,0
29,15464,UNKNOWN,True,0.0,0.0,0.0,N/A,N/A,0,0,0
29,15463,UNKNOWN,True,0.0,0.0,0.0,N/A,N/A,0,0,0
29,15462,UNKNOWN,True,0.0,0.0,0.0,N/A,N/A,0,0,0
29,15460,UNKNOWN,True,0.0,0.0,0.0,N/A,N/A,0,0,0
29,15459,UNKNOWN,True,0.0,0.0,0.0,N/A,N/A,0,0,0
29,15458,UNKNOWN,True,0.0,0.0,0.0,N/A,N/A,0,0,0
29,15457,UNKNOWN,True,0.0,0.0,0.0,N/A,N/A,0,0,0
29,15456,UNKNOWN,True,0.0,0.0,0.0,N/A,N/A,0,0,0
29,15455,UNKNOWN,True,0.0,0.0,0.0,N/A,N/A,0,0,0
29,15454,UNKNOWN,True,0.0,0.0,0.0,N/A,N/A,0,0,0
29,15597,UNKNOWN,True,0.0,0.0,0.0,N/A,N/A,0,0,0
29,15604,UNKNOWN,True,0.0,0.0,0.0,N/A,N/A,0,0,0
29,15450,UNKNOWN,True,0.0,0.0,0.0,N/A,N/A,0,0,0
29,15598,UNKNOWN,True,0.0,0.0,0.0,N/A,N/A,0,0,0
29,15599,UNKNOWN,True,0.0,0.0,0.0,N/A,N/A,0,0,0
29,15446,UNKNOWN,True,0.0,0.0,0.0,N/A,N/A,0,0,0
29,15445,UNKNOWN,True,0.0,0.0,0.0,N/A,N/A,0,0,0
29,15600,UNKNOWN,True,0.0,0.0,0.0,N/A,N/A,0,0,0
29,15601,UNKNOWN,True,0.0,0.0,0.0,N/A,N/A,0,0,0
29,15444,UNKNOWN,True,0.0,0.0,0.0,N/A,N/A,0,0,0
29,15443,UNKNOWN,True,0.0,0.0,0.0,N/A,N/A,0,0,0
29,15438,UNKNOWN,True,0.0,0.0,0.0,N/A,N/A,0,0,0
29,15436,UNKNOWN,True,0.0,0.0,0.0,N/A,N/A,0,0,0
29,15435,UNKNOWN,True,0.0,0.0,0.0,N/A,N/A,0,0,0
29,15602,UNKNOWN,True,0.0,0.0,0.0,N/A,N/A,0,0,0
29,15603,UNKNOWN,True,0.0,0.0,0.0,N/A,N/A,0,0,0
29,15239,UNKNOWN,True,0.0,0.0,0.0,N/A,N/A,0,0,0
29,15089,UNKNOWN,True,0.0,0.0,0.0,N/A,N/A,0,0,0
29,15237,UNKNOWN,True,0.0,0.0,0.0,N/A,N/A,0,0,0
29,14768,UNKNOWN,True,0.0,0.0,0.0,N/A,N/A,0,0,0
29,14841,UNKNOWN,True,0.0,0.0,0.0,N/A,N/A,0,0,0
29,14847,UNKNOWN,True,0.0,0.0,0.0,N/A,N/A,0,0,0
29,14848,UNKNOWN,True,0.0,0.0,0.0,N/A,N/A,0,0,0
29,14849,UNKNOWN,True,0.0,0.0,0.0,N/A,N/A,0,0,0
29,14850,UNKNOWN,True,0.0,0.0,0.0,N/A,N/A,0,0,0
29,14854,UNKNOWN,True,0.0,0.0,0.0,N/A,N/A,0,0,0
29,14858,UNKNOWN,True,0.0,0.0,0.0,N/A,N/A,0,0,0
29,14859,UNKNOWN,True,0.0,0.0,0.0,N/A,N/A,0,0,0
29,14864,UNKNOWN,True,0.0,0.0,0.0,N/A,N/A,0,0,0
29,14866,UNKNOWN,True,0.0,0.0,0.0,N/A,N/A,0,0,0
29,14869,UNKNOWN,True,0.0,0.0,0.0,N/A,N/A,0,0,0
29,14877,UNKNOWN,True,0.0,0.0,0.0,N/A,N/A,0,0,0
29,14879,UNKNOWN,True,0.0,0.0,0.0,N/A,N/A,0,0,0
29,14889,UNKNOWN,True,0.0,0.0,0.0,N/A,N/A,0,0,0
29,14895,UNKNOWN,True,0.0,0.0,0.0,N/A,N/A,0,0,0
29,14896,UNKNOWN,True,0.0,0.0,0.0,N/A,N/A,0,0,0
29,14897,UNKNOWN,True,0.0,0.0,0.0,N/A,N/A,0,0,0
29,14840,UNKNOWN,True,0.0,0.0,0.0,N/A,N/A,0,0,0
29,14832,UNKNOWN,True,0.0,0.0,0.0,N/A,N/A,0,0,0
29,14831,UNKNOWN,True,0.0,0.0,0.0,N/A,N/A,0,0,0
29,14786,UNKNOWN,True,0.0,0.0,0.0,N/A,N/A,0,0,0
29,14770,UNKNOWN,True,0.0,0.0,0.0,N/A,N/A,0,0,0
29,14771,UNKNOWN,True,0.0,0.0,0.0,N/A,N/A,0,0,0
29,14775,UNKNOWN,True,0.0,0.0,0.0,N/A,N/A,0,0,0
29,14776,UNKNOWN,True,0.0,0.0,0.0,1344.0,N/A,0,0,0
29,14777,UNKNOWN,True,0.0,0.0,0.0,N/A,N/A,0,0,0
29,14778,UNKNOWN,True,0.0,0.0,0.0,N/A,N/A,0,0,0
29,14784,UNKNOWN,True,0.0,0.0,0.0,N/A,N/A,0,0,0
29,14787,UNKNOWN,True,0.0,0.0,0.0,N/A,N/A,0,0,0
29,14827,UNKNOWN,True,0.0,0.0,0.0,N/A,N/A,0,0,0
29,14793,UNKNOWN,True,0.0,0.0,0.0,N/A,N/A,0,0,0
29,14799,UNKNOWN,True,0.0,0.0,0.0,N/A,N/A,0,0,0
29,14809,UNKNOWN,True,0.0,0.0,0.0,N/A,N/A,0,0,0
29,14816,UNKNOWN,True,0.0,0.0,0.0,N/A,N/A,0,0,0
29,14820,UNKNOWN,True,0.0,0.0,0.0,N/A,N/A,0,0,0
29,14825,UNKNOWN,True,0.0,0.0,0.0,N/A,https://github.com/rolling-scopes-school/71c0bf81-cd29-5af8-89e2-3277aa36026d-REACT2020Q3,0,0,0
29,14826,UNKNOWN,True,0.0,0.0,0.0,N/A,N/A,0,0,0
29,14900,UNKNOWN,True,0.0,0.0,0.0,N/A,N/A,0,0,0
29,14903,UNKNOWN,True,0.0,0.0,0.0,N/A,N/A,0,0,0
29,14906,UNKNOWN,True,0.0,0.0,0.0,N/A,N/A,0,0,0
29,14973,UNKNOWN,True,0.0,0.0,0.0,N/A,N/A,0,0,0
29,14965,UNKNOWN,True,0.0,0.0,0.0,N/A,N/A,0,0,0
29,14966,UNKNOWN,True,0.0,0.0,0.0,N/A,N/A,0,0,0
29,14967,UNKNOWN,True,0.0,0.0,0.0,N/A,N/A,0,0,0
29,14969,UNKNOWN,True,0.0,0.0,0.0,N/A,N/A,0,0,0
29,14970,UNKNOWN,True,0.0,0.0,0.0,N/A,N/A,0,0,0
29,14971,UNKNOWN,True,0.0,0.0,0.0,N/A,N/A,0,0,0
29,14972,UNKNOWN,True,0.0,0.0,0.0,N/A,N/A,0,0,0
29,14974,UNKNOWN,True,0.0,0.0,0.0,N/A,N/A,0,0,0
29,14963,UNKNOWN,True,0.0,0.0,0.0,N/A,N/A,0,0,0
29,14975,UNKNOWN,True,0.0,0.0,0.0,N/A,N/A,0,0,0
29,14977,UNKNOWN,True,0.0,0.0,0.0,N/A,N/A,0,0,0
29,14978,UNKNOWN,True,0.0,0.0,0.0,N/A,N/A,0,0,0
29,14980,UNKNOWN,True,0.0,0.0,0.0,N/A,N/A,0,0,0
29,14981,UNKNOWN,True,0.0,0.0,0.0,N/A,N/A,0,0,0
29,14983,UNKNOWN,True,0.0,0.0,0.0,N/A,N/A,0,0,0
29,14984,UNKNOWN,True,0.0,0.0,0.0,N/A,N/A,0,0,0
29,14964,UNKNOWN,True,0.0,0.0,0.0,N/A,N/A,0,0,0
29,14962,UNKNOWN,True,0.0,0.0,0.0,N/A,N/A,0,0,0
29,14909,UNKNOWN,True,0.0,0.0,0.0,N/A,N/A,0,0,0
29,14929,UNKNOWN,True,0.0,0.0,0.0,N/A,N/A,0,0,0
29,14911,UNKNOWN,True,0.0,0.0,0.0,N/A,N/A,0,0,0
29,14914,UNKNOWN,True,0.0,0.0,0.0,N/A,N/A,0,0,0
29,14918,UNKNOWN,True,0.0,0.0,0.0,N/A,N/A,0,0,0
29,14921,UNKNOWN,True,0.0,0.0,0.0,N/A,N/A,0,0,0
29,14922,UNKNOWN,True,0.0,0.0,0.0,N/A,N/A,0,0,0
29,14923,UNKNOWN,True,0.0,0.0,0.0,N/A,N/A,0,0,0
29,14924,UNKNOWN,True,0.0,0.0,0.0,N/A,N/A,0,0,0
29,14931,UNKNOWN,True,0.0,0.0,0.0,N/A,N/A,0,0,0
29,14961,UNKNOWN,True,0.0,0.0,0.0,N/A,N/A,0,0,0
29,14934,UNKNOWN,True,0.0,0.0,0.0,N/A,N/A,0,0,0
29,14937,UNKNOWN,True,0.0,0.0,0.0,N/A,N/A,0,0,0
29,14938,UNKNOWN,True,0.0,0.0,0.0,N/A,N/A,0,0,0
29,14940,UNKNOWN,True,0.0,0.0,0.0,N/A,N/A,0,0,0
29,14941,UNKNOWN,True,0.0,0.0,0.0,N/A,N/A,0,0,0
29,14955,UNKNOWN,True,0.0,0.0,0.0,N/A,N/A,0,0,0
29,14960,UNKNOWN,True,0.0,0.0,0.0,N/A,N/A,0,0,0
29,14769,UNKNOWN,True,0.0,0.0,0.0,N/A,N/A,0,0,0
29,14755,UNKNOWN,True,0.0,0.0,0.0,N/A,N/A,0,0,0
29,14986,UNKNOWN,True,0.0,0.0,0.0,N/A,N/A,0,0,0
29,14744,UNKNOWN,True,0.0,0.0,0.0,N/A,N/A,0,0,0
29,14563,UNKNOWN,True,0.0,0.0,0.0,N/A,N/A,0,0,0
29,14565,UNKNOWN,True,0.0,0.0,0.0,N/A,N/A,0,0,0
29,14573,UNKNOWN,True,0.0,0.0,0.0,N/A,N/A,0,0,0
29,14575,UNKNOWN,True,0.0,0.0,0.0,N/A,N/A,0,0,0
29,14577,UNKNOWN,True,0.0,0.0,0.0,N/A,N/A,0,0,0
29,14578,UNKNOWN,True,0.0,0.0,0.0,N/A,N/A,0,0,0
29,14581,UNKNOWN,True,0.0,0.0,0.0,N/A,N/A,0,0,0
29,14584,UNKNOWN,True,0.0,0.0,0.0,N/A,N/A,0,0,0
29,14585,UNKNOWN,True,0.0,0.0,0.0,N/A,N/A,0,0,0
29,14595,UNKNOWN,True,0.0,0.0,0.0,N/A,N/A,0,0,0
29,14597,UNKNOWN,True,0.0,0.0,0.0,N/A,N/A,0,0,0
29,14599,UNKNOWN,True,0.0,0.0,0.0,N/A,N/A,0,0,0
29,14601,UNKNOWN,True,0.0,0.0,0.0,N/A,N/A,0,0,0
29,14605,UNKNOWN,True,0.0,0.0,0.0,N/A,N/A,0,0,0
29,14607,UNKNOWN,True,0.0,0.0,0.0,N/A,N/A,0,0,0
29,14608,UNKNOWN,True,0.0,0.0,0.0,N/A,N/A,0,0,0
29,14611,UNKNOWN,True,0.0,0.0,0.0,N/A,N/A,0,0,0
29,14561,UNKNOWN,True,0.0,0.0,0.0,N/A,N/A,0,0,0
29,14560,UNKNOWN,True,0.0,0.0,0.0,N/A,N/A,0,0,0
29,14559,UNKNOWN,True,0.0,0.0,0.0,N/A,N/A,0,0,0
29,14540,UNKNOWN,True,0.0,0.0,0.0,N/A,N/A,0,0,0
29,14528,UNKNOWN,True,0.0,0.0,0.0,N/A,N/A,0,0,0
29,14530,UNKNOWN,True,0.0,0.0,0.0,N/A,N/A,0,0,0
29,14531,UNKNOWN,True,0.0,0.0,0.0,N/A,N/A,0,0,0
29,14532,UNKNOWN,True,0.0,0.0,0.0,N/A,N/A,0,0,0
29,14533,UNKNOWN,True,0.0,0.0,0.0,N/A,N/A,0,0,0
29,14537,UNKNOWN,True,0.0,0.0,0.0,N/A,N/A,0,0,0
29,14539,UNKNOWN,True,0.0,0.0,0.0,N/A,N/A,0,0,0
29,14542,UNKNOWN,True,0.0,0.0,0.0,N/A,N/A,0,0,0
29,14557,UNKNOWN,True,0.0,0.0,0.0,N/A,N/A,0,0,0
29,14544,UNKNOWN,True,0.0,0.0,0.0,N/A,N/A,0,0,0
29,14545,UNKNOWN,True,0.0,0.0,0.0,N/A,N/A,0,0,0
29,14546,UNKNOWN,True,0.0,0.0,0.0,N/A,N/A,0,0,0
29,14551,UNKNOWN,True,0.0,0.0,0.0,N/A,N/A,0,0,0
29,14552,UNKNOWN,True,0.0,0.0,0.0,N/A,N/A,0,0,0
29,14555,UNKNOWN,True,0.0,0.0,0.0,N/A,N/A,0,0,0
29,14556,UNKNOWN,True,0.0,0.0,0.0,N/A,N/A,0,0,0
29,14613,UNKNOWN,True,0.0,0.0,0.0,N/A,N/A,0,0,0
29,14614,UNKNOWN,True,0.0,0.0,0.0,N/A,N/A,0,0,0
29,14617,UNKNOWN,True,0.0,0.0,0.0,N/A,N/A,0,0,0
29,14709,UNKNOWN,True,0.0,0.0,0.0,N/A,N/A,0,0,0
29,14679,UNKNOWN,True,0.0,0.0,0.0,N/A,N/A,0,0,0
29,14683,UNKNOWN,True,0.0,0.0,0.0,N/A,N/A,0,0,0
29,14688,UNKNOWN,True,0.0,0.0,0.0,N/A,N/A,0,0,0
29,14690,UNKNOWN,True,0.0,0.0,0.0,N/A,N/A,0,0,0
29,14701,UNKNOWN,True,0.0,0.0,0.0,N/A,N/A,0,0,0
29,14705,UNKNOWN,True,0.0,0.0,0.0,N/A,N/A,0,0,0
29,14706,UNKNOWN,True,0.0,0.0,0.0,N/A,N/A,0,0,0
29,14714,UNKNOWN,True,0.0,0.0,0.0,N/A,N/A,0,0,0
29,14671,UNKNOWN,True,0.0,0.0,0.0,N/A,N/A,0,0,0
29,14715,UNKNOWN,True,0.0,0.0,0.0,N/A,N/A,0,0,0
29,14720,UNKNOWN,True,0.0,0.0,0.0,N/A,N/A,0,0,0
29,14723,UNKNOWN,True,0.0,0.0,0.0,N/A,N/A,0,0,0
29,14725,UNKNOWN,True,0.0,0.0,0.0,N/A,N/A,0,0,0
29,14727,UNKNOWN,True,0.0,0.0,0.0,N/A,N/A,0,0,0
29,14737,UNKNOWN,True,0.0,0.0,0.0,N/A,N/A,0,0,0
29,14743,UNKNOWN,True,0.0,0.0,0.0,N/A,N/A,0,0,0
29,14675,UNKNOWN,True,0.0,0.0,0.0,N/A,N/A,0,0,0
29,14668,UNKNOWN,True,0.0,0.0,0.0,N/A,N/A,0,0,0
29,14619,UNKNOWN,True,0.0,0.0,0.0,N/A,N/A,0,0,0
29,14641,UNKNOWN,True,0.0,0.0,0.0,N/A,N/A,0,0,0
29,14622,UNKNOWN,True,0.0,0.0,0.0,N/A,N/A,0,0,0
29,14626,UNKNOWN,True,0.0,0.0,0.0,N/A,N/A,0,0,0
29,14627,UNKNOWN,True,0.0,0.0,0.0,N/A,N/A,0,0,0
29,14629,UNKNOWN,True,0.0,0.0,0.0,N/A,N/A,0,0,0
29,14633,UNKNOWN,True,0.0,0.0,0.0,N/A,N/A,0,0,0
29,14635,UNKNOWN,True,0.0,0.0,0.0,N/A,N/A,0,0,0
29,14638,UNKNOWN,True,0.0,0.0,0.0,N/A,N/A,0,0,0
29,14643,UNKNOWN,True,0.0,0.0,0.0,N/A,N/A,0,0,0
29,14666,UNKNOWN,True,0.0,0.0,0.0,N/A,N/A,0,0,0
29,14644,UNKNOWN,True,0.0,0.0,0.0,N/A,N/A,0,0,0
29,14645,UNKNOWN,True,0.0,0.0,0.0,N/A,N/A,0,0,0
29,14646,UNKNOWN,True,0.0,0.0,0.0,N/A,N/A,0,0,0
29,14650,UNKNOWN,True,0.0,0.0,0.0,N/A,N/A,0,0,0
29,14659,UNKNOWN,True,0.0,0.0,0.0,N/A,N/A,0,0,0
29,14661,UNKNOWN,True,0.0,0.0,0.0,N/A,N/A,0,0,0
29,14665,UNKNOWN,True,0.0,0.0,0.0,N/A,N/A,0,0,0
29,14985,UNKNOWN,True,0.0,0.0,0.0,N/A,N/A,0,0,0
29,14987,UNKNOWN,True,0.0,0.0,0.0,N/A,N/A,0,0,0
29,15236,UNKNOWN,True,0.0,0.0,0.0,N/A,N/A,0,0,0
29,15106,UNKNOWN,True,0.0,0.0,0.0,N/A,N/A,0,0,0
29,15140,UNKNOWN,True,0.0,0.0,0.0,N/A,N/A,0,0,0
29,15142,UNKNOWN,True,0.0,0.0,0.0,N/A,N/A,0,0,0
29,15143,UNKNOWN,True,0.0,0.0,0.0,N/A,N/A,0,0,0
29,15144,UNKNOWN,True,0.0,0.0,0.0,N/A,N/A,0,0,0
29,15149,UNKNOWN,True,0.0,0.0,0.0,N/A,N/A,0,0,0
29,15150,UNKNOWN,True,0.0,0.0,0.0,N/A,N/A,0,0,0
29,15151,UNKNOWN,True,0.0,0.0,0.0,N/A,N/A,0,0,0
29,15152,UNKNOWN,True,0.0,0.0,0.0,N/A,N/A,0,0,0
29,15155,UNKNOWN,True,0.0,0.0,0.0,N/A,N/A,0,0,0
29,15157,UNKNOWN,True,0.0,0.0,0.0,N/A,N/A,0,0,0
29,15158,UNKNOWN,True,0.0,0.0,0.0,N/A,N/A,0,0,0
29,15159,UNKNOWN,True,0.0,0.0,0.0,N/A,N/A,0,0,0
29,15160,UNKNOWN,True,0.0,0.0,0.0,N/A,N/A,0,0,0
29,15161,UNKNOWN,True,0.0,0.0,0.0,N/A,N/A,0,0,0
29,15162,UNKNOWN,True,0.0,0.0,0.0,N/A,N/A,0,0,0
29,15163,UNKNOWN,True,0.0,0.0,0.0,N/A,N/A,0,0,0
29,15164,UNKNOWN,True,0.0,0.0,0.0,N/A,N/A,0,0,0
29,15137,UNKNOWN,True,0.0,0.0,0.0,N/A,N/A,0,0,0
29,15136,UNKNOWN,True,0.0,0.0,0.0,N/A,N/A,0,0,0
29,15132,UNKNOWN,True,0.0,0.0,0.0,N/A,N/A,0,0,0
29,15121,UNKNOWN,True,0.0,0.0,0.0,N/A,N/A,0,0,0
29,15112,UNKNOWN,True,0.0,0.0,0.0,N/A,N/A,0,0,0
29,15113,UNKNOWN,True,0.0,0.0,0.0,N/A,N/A,0,0,0
29,15114,UNKNOWN,True,0.0,0.0,0.0,N/A,N/A,0,0,0
29,15115,UNKNOWN,True,0.0,0.0,0.0,N/A,N/A,0,0,0
29,15117,UNKNOWN,True,0.0,0.0,0.0,N/A,N/A,0,0,0
29,15118,UNKNOWN,True,0.0,0.0,0.0,N/A,N/A,0,0,0
29,15119,UNKNOWN,True,0.0,0.0,0.0,N/A,N/A,0,0,0
29,15122,UNKNOWN,True,0.0,0.0,0.0,N/A,N/A,0,0,0
29,15130,UNKNOWN,True,0.0,0.0,0.0,N/A,N/A,0,0,0
29,15123,UNKNOWN,True,0.0,0.0,0.0,N/A,N/A,0,0,0
29,15124,UNKNOWN,True,0.0,0.0,0.0,N/A,N/A,0,0,0
29,15125,UNKNOWN,True,0.0,0.0,0.0,N/A,N/A,0,0,0
29,15126,UNKNOWN,True,0.0,0.0,0.0,N/A,N/A,0,0,0
29,15127,UNKNOWN,True,0.0,0.0,0.0,N/A,N/A,0,0,0
29,15128,UNKNOWN,True,0.0,0.0,0.0,N/A,N/A,0,0,0
29,15129,UNKNOWN,True,0.0,0.0,0.0,N/A,N/A,0,0,0
29,15167,UNKNOWN,True,0.0,0.0,0.0,N/A,N/A,0,0,0
29,15168,UNKNOWN,True,0.0,0.0,0.0,N/A,N/A,0,0,0
29,15169,UNKNOWN,True,0.0,0.0,0.0,N/A,N/A,0,0,0
29,15224,UNKNOWN,True,0.0,0.0,0.0,N/A,N/A,0,0,0
29,15217,UNKNOWN,True,0.0,0.0,0.0,N/A,N/A,0,0,0
29,15218,UNKNOWN,True,0.0,0.0,0.0,N/A,N/A,0,0,0
29,15219,UNKNOWN,True,0.0,0.0,0.0,N/A,N/A,0,0,0
29,15220,UNKNOWN,True,0.0,0.0,0.0,N/A,N/A,0,0,0
29,15221,UNKNOWN,True,0.0,0.0,0.0,N/A,N/A,0,0,0
29,15222,UNKNOWN,True,0.0,0.0,0.0,N/A,N/A,0,0,0
29,15223,UNKNOWN,True,0.0,0.0,0.0,N/A,N/A,0,0,0
29,15225,UNKNOWN,True,0.0,0.0,0.0,N/A,N/A,0,0,0
29,15214,UNKNOWN,True,0.0,0.0,0.0,N/A,N/A,0,0,0
29,15227,UNKNOWN,True,0.0,0.0,0.0,N/A,N/A,0,0,0
29,15228,UNKNOWN,True,0.0,0.0,0.0,N/A,N/A,0,0,0
29,15229,UNKNOWN,True,0.0,0.0,0.0,N/A,N/A,0,0,0
29,15231,UNKNOWN,True,0.0,0.0,0.0,N/A,N/A,0,0,0
29,15232,UNKNOWN,True,0.0,0.0,0.0,N/A,N/A,0,0,0
29,15234,UNKNOWN,True,0.0,0.0,0.0,N/A,N/A,0,0,0
29,15235,UNKNOWN,True,0.0,0.0,0.0,N/A,N/A,0,0,0
29,15215,UNKNOWN,True,0.0,0.0,0.0,N/A,N/A,0,0,0
29,15211,UNKNOWN,True,0.0,0.0,0.0,N/A,N/A,0,0,0
29,15170,UNKNOWN,True,0.0,0.0,0.0,N/A,N/A,0,0,0
29,15186,UNKNOWN,True,0.0,0.0,0.0,N/A,N/A,0,0,0
29,15171,UNKNOWN,True,0.0,0.0,0.0,N/A,N/A,0,0,0
29,15173,UNKNOWN,True,0.0,0.0,0.0,N/A,N/A,0,0,0
29,15174,UNKNOWN,True,0.0,0.0,0.0,N/A,N/A,0,0,0
29,15175,UNKNOWN,True,0.0,0.0,0.0,N/A,N/A,0,0,0
29,15178,UNKNOWN,True,0.0,0.0,0.0,N/A,N/A,0,0,0
29,15180,UNKNOWN,True,0.0,0.0,0.0,N/A,N/A,0,0,0
29,15183,UNKNOWN,True,0.0,0.0,0.0,N/A,N/A,0,0,0
29,15189,UNKNOWN,True,0.0,0.0,0.0,N/A,N/A,0,0,0
29,15209,UNKNOWN,True,0.0,0.0,0.0,N/A,N/A,0,0,0
29,15191,UNKNOWN,True,0.0,0.0,0.0,N/A,N/A,0,0,0
29,15192,UNKNOWN,True,0.0,0.0,0.0,N/A,N/A,0,0,0
29,15195,UNKNOWN,True,0.0,0.0,0.0,N/A,N/A,0,0,0
29,15196,UNKNOWN,True,0.0,0.0,0.0,N/A,N/A,0,0,0
29,15197,UNKNOWN,True,0.0,0.0,0.0,N/A,N/A,0,0,0
29,15206,UNKNOWN,True,0.0,0.0,0.0,N/A,N/A,0,0,0
29,15208,UNKNOWN,True,0.0,0.0,0.0,N/A,N/A,0,0,0
29,15111,UNKNOWN,True,0.0,0.0,0.0,N/A,N/A,0,0,0
29,15103,UNKNOWN,True,0.0,0.0,0.0,N/A,N/A,0,0,0
29,14988,UNKNOWN,True,0.0,0.0,0.0,N/A,N/A,0,0,0
29,15101,UNKNOWN,True,0.0,0.0,0.0,N/A,N/A,0,0,0
29,15013,UNKNOWN,True,0.0,0.0,0.0,N/A,N/A,0,0,0
29,15016,UNKNOWN,True,0.0,0.0,0.0,N/A,N/A,0,0,0
29,15017,UNKNOWN,True,0.0,0.0,0.0,N/A,N/A,0,0,0
29,15018,UNKNOWN,True,0.0,0.0,0.0,N/A,N/A,0,0,0
29,15020,UNKNOWN,True,0.0,0.0,0.0,N/A,N/A,0,0,0
29,15022,UNKNOWN,True,0.0,0.0,0.0,N/A,N/A,0,0,0
29,15023,UNKNOWN,True,0.0,0.0,0.0,N/A,N/A,0,0,0
29,15025,UNKNOWN,True,0.0,0.0,0.0,N/A,N/A,0,0,0
29,15029,UNKNOWN,True,0.0,0.0,0.0,N/A,N/A,0,0,0
29,15030,UNKNOWN,True,0.0,0.0,0.0,N/A,N/A,0,0,0
29,15031,UNKNOWN,True,0.0,0.0,0.0,N/A,N/A,0,0,0
29,15032,UNKNOWN,True,0.0,0.0,0.0,N/A,N/A,0,0,0
29,15035,UNKNOWN,True,0.0,0.0,0.0,N/A,N/A,0,0,0
29,15036,UNKNOWN,True,0.0,0.0,0.0,N/A,N/A,0,0,0
29,15037,UNKNOWN,True,0.0,0.0,0.0,N/A,N/A,0,0,0
29,15038,UNKNOWN,True,0.0,0.0,0.0,N/A,N/A,0,0,0
29,15039,UNKNOWN,True,0.0,0.0,0.0,N/A,N/A,0,0,0
29,15012,UNKNOWN,True,0.0,0.0,0.0,N/A,N/A,0,0,0
29,15010,UNKNOWN,True,0.0,0.0,0.0,N/A,N/A,0,0,0
29,15009,UNKNOWN,True,0.0,0.0,0.0,N/A,N/A,0,0,0
29,14997,UNKNOWN,True,0.0,0.0,0.0,N/A,N/A,0,0,0
29,14989,UNKNOWN,True,0.0,0.0,0.0,N/A,N/A,0,0,0
29,14990,UNKNOWN,True,0.0,0.0,0.0,N/A,N/A,0,0,0
29,14991,UNKNOWN,True,0.0,0.0,0.0,N/A,N/A,0,0,0
29,14992,UNKNOWN,True,0.0,0.0,0.0,N/A,N/A,0,0,0
29,14993,UNKNOWN,True,0.0,0.0,0.0,N/A,N/A,0,0,0
29,14995,UNKNOWN,True,0.0,0.0,0.0,N/A,N/A,0,0,0
29,14996,UNKNOWN,True,0.0,0.0,0.0,N/A,N/A,0,0,0
29,14998,UNKNOWN,True,0.0,0.0,0.0,N/A,N/A,0,0,0
29,15008,UNKNOWN,True,0.0,0.0,0.0,N/A,N/A,0,0,0
29,14999,UNKNOWN,True,0.0,0.0,0.0,N/A,N/A,0,0,0
29,15000,UNKNOWN,True,0.0,0.0,0.0,N/A,N/A,0,0,0
29,15002,UNKNOWN,True,0.0,0.0,0.0,N/A,N/A,0,0,0
29,15004,UNKNOWN,True,0.0,0.0,0.0,N/A,N/A,0,0,0
29,15005,UNKNOWN,True,0.0,0.0,0.0,N/A,N/A,0,0,0
29,15006,UNKNOWN,True,0.0,0.0,0.0,N/A,N/A,0,0,0
29,15007,UNKNOWN,True,0.0,0.0,0.0,N/A,N/A,0,0,0
29,15041,UNKNOWN,True,0.0,0.0,0.0,N/A,N/A,0,0,0
29,15042,UNKNOWN,True,0.0,0.0,0.0,N/A,N/A,0,0,0
29,15044,UNKNOWN,True,0.0,0.0,0.0,N/A,N/A,0,0,0
29,15088,UNKNOWN,True,0.0,0.0,0.0,N/A,N/A,0,0,0
29,15080,UNKNOWN,True,0.0,0.0,0.0,N/A,N/A,0,0,0
29,15081,UNKNOWN,True,0.0,0.0,0.0,N/A,N/A,0,0,0
29,15083,UNKNOWN,True,0.0,0.0,0.0,N/A,N/A,0,0,0
29,15084,UNKNOWN,True,0.0,0.0,0.0,N/A,N/A,0,0,0
29,15085,UNKNOWN,True,0.0,0.0,0.0,N/A,N/A,0,0,0
29,15086,UNKNOWN,True,0.0,0.0,0.0,N/A,N/A,0,0,0
29,15087,UNKNOWN,True,0.0,0.0,0.0,N/A,N/A,0,0,0
29,14527,UNKNOWN,True,0.0,0.0,0.0,N/A,N/A,0,0,0
29,15075,UNKNOWN,True,0.0,0.0,0.0,N/A,N/A,0,0,0
29,15090,UNKNOWN,True,0.0,0.0,0.0,N/A,N/A,0,0,0
29,15091,UNKNOWN,True,0.0,0.0,0.0,N/A,N/A,0,0,0
29,15094,UNKNOWN,True,0.0,0.0,0.0,N/A,N/A,0,0,0
29,15095,UNKNOWN,True,0.0,0.0,0.0,N/A,N/A,0,0,0
29,15096,UNKNOWN,True,0.0,0.0,0.0,N/A,N/A,0,0,0
29,15098,UNKNOWN,True,0.0,0.0,0.0,N/A,N/A,0,0,0
29,15099,UNKNOWN,True,0.0,0.0,0.0,N/A,N/A,0,0,0
29,15076,UNKNOWN,True,0.0,0.0,0.0,N/A,N/A,0,0,0
29,15072,UNKNOWN,True,0.0,0.0,0.0,N/A,N/A,0,0,0
29,15046,UNKNOWN,True,0.0,0.0,0.0,N/A,N/A,0,0,0
29,15058,UNKNOWN,True,0.0,0.0,0.0,N/A,N/A,0,0,0
29,15048,UNKNOWN,True,0.0,0.0,0.0,N/A,N/A,0,0,0
29,15050,UNKNOWN,True,0.0,0.0,0.0,N/A,N/A,0,0,0
29,15052,UNKNOWN,True,0.0,0.0,0.0,N/A,N/A,0,0,0
29,15053,UNKNOWN,True,0.0,0.0,0.0,N/A,N/A,0,0,0
29,15055,UNKNOWN,True,0.0,0.0,0.0,N/A,N/A,0,0,0
29,15056,UNKNOWN,True,0.0,0.0,0.0,N/A,N/A,0,0,0
29,15057,UNKNOWN,True,0.0,0.0,0.0,N/A,N/A,0,0,0
29,15060,UNKNOWN,True,0.0,0.0,0.0,N/A,N/A,0,0,0
29,15071,UNKNOWN,True,0.0,0.0,0.0,N/A,N/A,0,0,0
29,15061,UNKNOWN,True,0.0,0.0,0.0,N/A,N/A,0,0,0
29,15062,UNKNOWN,True,0.0,0.0,0.0,N/A,N/A,0,0,0
29,15063,UNKNOWN,True,0.0,0.0,0.0,N/A,N/A,0,0,0
29,15064,UNKNOWN,True,0.0,0.0,0.0,N/A,N/A,0,0,0
29,15067,UNKNOWN,True,0.0,0.0,0.0,N/A,N/A,0,0,0
29,15068,UNKNOWN,True,0.0,0.0,0.0,N/A,N/A,0,0,0
29,15070,UNKNOWN,True,0.0,0.0,0.0,N/A,N/A,0,0,0
29,15911,UNKNOWN,True,0.0,0.0,0.0,N/A,N/A,0,0,0
